code,product_name,brands,categories_tags,countries_tags,packaging_tags,stores,purchase_places,nutriscore_grade,nova_group,ecoscore_grade,ingredients_text,nutriments.sugars_100g,nutriments.energy-kcal_100g
0723246245027,"Maaza, Mango Juice",House Of Spices,,united-states,,,,unknown,4.0,unknown,"Water, pure mango pulp, sugar, citric acid, natural & artificial mango flavors, preservatives: sodium benzoate and potassium meta bi-sulphite. ascorbic acid, color fd & c yellow # 6.",12.8,56.0
0755270000310,Jus De Litchi Maaza 1L Pay Bas,Maaza,jus-de-litchi,france,,,,c,,,,,
0755270000358,Jus De Guana Bana (corossol) Maaza 1L Pay Bas,Kern's Nectar,,france,bouteille,,,unknown,,,,,
0755270000365,Jus De Mangue 1L,Maaza,"plant-based-foods-and-beverages, beverages, plant-based-beverages, fruit-based-beverages, mango-based-beverages",france,,,,e,4.0,,"eau, purée de mangue (21%), sucre, acidulant: acide citrique, aromes",,
0755270000518,Maaza Lychee,Maaza,"beverages, sweetened-beverages",france,,,,e,4.0,,"eau, purée de litchi (18%), sucre, stabilisant: xanthan, acidulant: acide citrique, arômes de litchi",,
0755270000549,Maaza Tropical Fles,Maaza,,france,,,,unknown,,,,,
0755270000556,Maaza Guava,Maaza,,france,,,,unknown,,,,,
0755270000563,Mango,maaza,,france,,,,unknown,4.0,,"eau, purée de mangue (18%), sucre, acidulant: acide citrique, arômes de mangue,",,
8718226320025,Maaza guava,Maaza,"beverages, sweetened-beverages",france,,,,e,4.0,,"eau, purée de goyave (15%), sucre, acidulant: acide citrique, arômes, colorant: carmin.",,
8718226321015,Tropical juice drink,Maaza,"plant-based-foods-and-beverages, beverages, plant-based-beverages, fruit-based-beverages, unsweetened-beverages, sweetened-beverages",france,"plastic, bottle",Action,France,e,4.0,,"Eau, 25 % jus (purée de banane 10 % - pomme 10 % - ananas 2 % - jus de citron 2 %, pêche à base de concentré), sucre, acidifiant : acide citrique, arômes, colorant : B-carotène.",,
8718226321022,Maaza Guava,Maaza,"plant-based-foods-and-beverages, beverages, plant-based-beverages, fruit-based-beverages, sweetened-beverages",france,bouteille-plastique,,,e,4.0,,"Eau, purée de goyave (18%), sucre, acidulant : acide citrique, arômes, colorant : carmin.",,
8718226321039,Maaza Juice Drink Mango,Maaza,beverages,france,,,,e,,,,,
8718226321510,Maaza tropical non carbonated juive drink,Maaza,,france,,,,unknown,,,,,
8718226321527,Maaza Guava,Maaza,"beverages, sweetened-beverages",france,,,,c,,,"puree de goyave (ü 0 90), sucre, acjduldint• aci catmin.",,
8718226321534,Mango Juice drink,Maaza,"beverages, sweetened-beverages, boisson-non-gazeuse-aux-jus-de-fruits",france,canette-aluminium,AZ sasu 45 rue Heurtault 93300 Aubervilliers,"Aubervilliers,France",e,4.0,,"eau, purée de mangues (18%), sucre, acidulant : acide citrique, arômes",,
8718226321572,Banana,Maaza,"beverages-and-beverages-preparations, plant-based-foods-and-beverages, beverages, plant-based-beverages, fruit-based-beverages, juices-and-nectars, fruit-juices",france,,,,d,,,,,
8718226322005,Jus de Lychee,Maaza,beverages,france,,,,e,4.0,,"Eau, purée de litchi (18%), sucre acidulant: acide citrique, stabilisant: xanthan  arômes.",,
8718226322012,Tropical Pet,Maaza,"beverages, sweetened-beverages",france,,,,e,4.0,,"eau, 25% Jus (pu pomme 10% -, ananas 2 /0 - t jus e à base de concentré), sucre, cc i ique, arômes, colorant: B-carotène",,
8718226322029,Juice Drink,Maaza,beverages,france,,,,e,4.0,,"eau, purée de goyave (18% ), sucre, acidulant: acide citrique, arômes, colorant: carmin",,
8718226322036,Jus de Mangue,Maaza,"plant-based-foods-and-beverages, beverages, plant-based-beverages, fruit-based-beverages",france,"plastic, bottle",,"France,",e,4.0,,"Eau, purée de mangue (18 %), sucre, acidifiant, acide citrique, arômes",,
8718226322043,Jus de passion,Maaza,"plant-based-foods-and-beverages, beverages, plant-based-beverages, fruit-based-beverages, unsweetened-beverages, sweetened-beverages",france,"plastic, bottle",,France,e,4.0,,"Eau jus de fruit de la passion à base de concentré (14 %), sucre, stabilisant: cmc,arôme.",,
8718226322050,Maaza Fruit Punch Pet,Maaza,"beverages, sweetened-beverages",france,,,,e,4.0,,"Eau, 27% jus ( purée de poire 9%, pomme 8%, ananas 8%, jus de cerise 2% à base de concentré), sucre, acidulant : acide citrique, arôme, colorant : carmin.",,
8718226322098,Maaza Coconutwater & Mango Pet,Maaza,,france,,,,unknown,,,,,
8718226322500,Juice deink,Maaza,,france,,,,unknown,,,,,
8718226322517,Maaza Tropical Pet,Maaza,beverages,france,,,,e,,,,,
8718226322531,Maaza Mango Pet,Maaza,"beverages, sweetened-beverages",france,,,,e,4.0,,"eau, 26% Jus (purée de mangue 21%, raisin 4%% citron 1% à base de concentré), sucre, antioxydant: acid ascorbique, arômes",,
8718226323002,Lychee,Maaza,"plant-based-foods-and-beverages, beverages, plant-based-beverages, fruit-based-beverages, unsweetened-beverages, sweetened-beverages","france, germany","brick, cardboard",Auchan,"Noyelles-Godault,France",e,4.0,,"Eau, purée de litchi (18%), sucre, acidulant: acide citrique, antioxydant: acide ascorbique, stabilisant: xanthan, arômes",,
8718226323019,Banana Juice Drink,Maaza,"beverages-and-beverages-preparations, beverages, sweetened-beverages",netherlands,,,,e,4.0,,"water, banana puree (23%), lemon juice from concentrate (2%), sugar, acidulant: citric acid, antioxidant: ascorbic acid, flavorings,",,
8718226323026,Tropical,Maaza,"beverages-and-beverages-preparations, plant-based-foods-and-beverages, beverages, seafood, fishes-and-their-products, fishes, plant-based-beverages, fruit-based-beverages, sweetened-beverages, tonguesole",netherlands,brick,,,e,4.0,,"eau, 25% jus (purée de banane 10%, pomme 10%, ananas 2%, jus de citron 2%, pêche à base de concentré), sucre, acidulant : acide citrique, arômes, colorant : b-carotène",,
8718226323033,Guava Juice Drink,Maaza,"beverages-and-beverages-preparations, plant-based-foods-and-beverages, beverages, plant-based-beverages, fruit-based-beverages, juices-and-nectars, fruit-juices, unsweetened-beverages, sweetened-beverages",netherlands,"brick, cardboard",,,e,4.0,,"water, guava puree (18%), grape juice (3%), sugar, acidulant: citric acid, aromas, color: carmine",,
8718226323040,Mango Fruit Drink,Maaza,"beverages-and-beverages-preparations, plant-based-foods-and-beverages, beverages, plant-based-beverages, fruit-based-beverages, juices-and-nectars, fruit-juices, sweetened-beverages",netherlands,,,,e,4.0,,"mangue 17%, sucre, stabilisant (pectine), acidificiant (acide citrique), antioxydant (acide ascorbique), arôme, colorant (bêta-carotène).",,
8718226323057,papaya juice drink,Maaza,"beverages-and-beverages-preparations, plant-based-foods-and-beverages, beverages, plant-based-beverages, fruit-based-beverages, juices-and-nectars, fruit-juices, sweetened-beverages, boissons-a-la-papaye",france,"brick, cardboard",,,e,4.0,,"eau, purée de papaye (25%), sucre, acidulant : acide citrique, arôme.",,
8718226323064,"Passionsfruchtsaft, Passionsfrucht",Maaza,"beverages-and-beverages-preparations, plant-based-foods-and-beverages, beverages, plant-based-beverages, fruit-based-beverages, juices-and-nectars, fruit-juices",netherlands,,,,e,1.0,,"water, passion fruit with a stabilizing sugar base",,
8718226323071,Maaza Soursop (Corossol) Fruit Drink,Maaza,"plant-based-foods-and-beverages, beverages, plant-based-beverages, fruit-based-beverages, juices-and-nectars, fruit-nectars, sweetened-beverages","france, senegal","tetra-pak, brick, cardboard",,"Sénégal,France",e,4.0,,"Eau, purée de corossol (18%), sucre, acidifiant : acide citrique, stabilisant: pectine, arômes.",,
8718226323088,Coconut water & mango,Maaza,"beverages-and-beverages-preparations, beverages, sweetened-beverages","france, germany","cardboard, paperboard",,,e,4.0,,"eau, eau de noix de coco a base de concentré (20%), purée de mangue (10%), sucre, acidulant: acide citrique, antioxydant; acide ascorbique, arômes.",,
8901764092206,Maaza,"Mazza, The Coca-Cola Company","beverages-and-beverages-preparations, plant-based-foods-and-beverages, beverages, plant-based-beverages, juices-and-nectars, juice",india,,,,e,4.0,,"WATER, MANGO PULP (19.5%), SUGAR, ACIDITY REGULATORS (330, 331(iii)), ANTIOXIDANT (300), PRESERVATIVE (202), COLOUR (110), MANGO FLAVOURS (NATURAL, NATURE-IDENTICAL & ARTIFICIAL FLAVOURING SUBSTANCES).",,
8718226321008,Maaza lychee,Maaza,,france,bottle,,,unknown,,,,,
11017630,,Maaza,,india,,,,unknown,,unknown,,,
27030639,Mango,maaza,,belgium,,,,unknown,,,,,
8718226323514,Ptemium coconut water mango,Maaza,,,,,,unknown,,unknown,,5.3,70.0
8901764092305,Maaza Origina,HINDUSTAN COCA-COLA BEVERAGES PVT LTD.,"beverages-and-beverages-preparations, beverages, sweetened-beverages",india,,,,e,4.0,,"WATER, MANGO PULP (19.5%), SUGAR, ACIDITY REGULATOR (330), ANTIOXIDANT(300) AND PRESERVATIVE (202) CONTAINS PERMITTED SYNTHETIC FOOD COLOUR (110) AND ADDED MANGO FLAVOURS (NATURAL, NATURE-IDENTICAL AND ARTIFICIAL FLAVOURING SUBSTANCES).",,
8718226323507,Coconut Water,Maaza,,france,,,,unknown,,,,,
8718226323521,Coconut water,Maaza,,spain,,,,unknown,,,,,
8718226322234,Maaza mango,Maaza,,france,,,,unknown,,,,,
8718226323156,Pome Granate Juice Drink,Maaza,"beverages-and-beverages-preparations, plant-based-foods-and-beverages, beverages, plant-based-beverages, fruit-based-beverages, juices-and-nectars, fruit-juices",france,,,,e,,,,,
8901764175022,maaza,Coca cola,"beverages-and-beverages-preparations, beverages, sweetened-beverages",india,,,,unknown,,,,,
8718226322227,Maaza Guava,Maaza,"plant-based-foods-and-beverages, beverages, plant-based-foods, fruits-and-vegetables-based-foods, fruits-based-foods, plant-based-beverages, fruit-based-beverages, fruits, juices-and-nectars, fruit-nectars, tropical-fruits, guava-nectars, guavas, sweetened-beverages",netherlands,plastic-bottle,,,c,,d,,10.6,45.0
8718226322241,Mazza passion fruit,Maaza,,france,,,,unknown,,,,,
8718226321565,Sparkling guava,Maaza,,france,,,,unknown,,,,,
8718226322210,Maaza tropical juice,Maaza,,france,,,,unknown,,,tops alagens top sen/Parasta ennen Koricem zobacz górną część opakowania Après ouverture durée de conservation au frais Nach dem Offnen gekühlt begrenzt haltbar/ one è limitata se conservata al fresco/Después de la Conservação limitada após abertura/Opbevares koligt. Efter oppning kyld begränsad hållbarhet/Oppbevares 8 718226 322210&quot;&gt;,,
8718226322203,lychee,Maaza,,france,,,,unknown,,,,,
8718226321190,Juice drink,Maaza,,france,,,,unknown,,,,,
8718226321558,Sparkling mango,Maaza,,france,,,,unknown,,,,,
8901764092152,Maaza Original 1.75ltr,HINDUSTAN COCO-COLA BEVERAGES PVT.LTD,"beverages-and-beverages-preparations, beverages, sweetened-beverages, Cooldrank",india,,,,unknown,,,,,
8901764092107,Maaza 1.5L,,,india,,,,unknown,,,,,
8718226322258,Fruit punch,Maaza,,france,,,,unknown,,,,,
8901764092800,Maaza,Coca-Cola Company,"beverages-and-beverages-preparations, plant-based-foods-and-beverages, beverages, plant-based-beverages, fruit-based-beverages, juices-and-nectars, fruit-juices",india,,,,d,4.0,,"water, sugar, acidity regulator (330), salt, antioxidant (300), preservative (211), added flavours (natural and nature identical flavouring substances), artificial flavouring substances",7.0,32.0
8901764092329,Maaza,Cocacola,"beverages-and-beverages-preparations, beverages, sweetened-beverages",india,,,,unknown,4.0,,"Water, sugar, mango pulp (10.7%), acidity regulators (E330, E331(iii)), stabilizer (E466), antioxidant (E300), preservative (E202), colour (E160a(i)), added mango flavour (nature-identical and artificial flavouring substances), contains fruit",13.0,60.0
3948764092800,maaza,coco-cola,"beverages-and-beverages-preparations, beverages, sweetened-beverages, cool-drink",india,,,,e,,,,,
3948764175022,Maaza,Maaza,"beverages-and-beverages-preparations, plant-based-foods-and-beverages, beverages, plant-based-beverages, fruit-based-beverages, sweetened-beverages",india,"multilayer-composite, tetra-pak",,,e,4.0,,"water, mango pulp (11.5%). sugar, acidity regulators (330, 331(iii)), stabilizer (466) antioxidant (300) sweetener (950), colour (110) mango flavours (nature-identical & artificial flavoring substances). steviol glycosides.",,
0867051000430,Aioli,Maazah,,united-states,,,,unknown,,,,,219.0
8718226321602,Tropical juice drink,Maaza,"beverages-and-beverages-preparations, plant-based-foods-and-beverages, beverages, plant-based-beverages, fruit-based-beverages, juices-and-nectars, fruit-juices",netherlands,can,,,d,,e,,11.8,48.0
0867051000423,Original Chutney,Maazah,,united-states,,,,unknown,,,,,31.2
8901764175091,Fruit drink,Maaza,"snacks, sweet-snacks, confectioneries",india,,,,c,4.0,,"NGREDIENTS: WATER, MANGO PULP(11.5%), SUGAR, ACIDITY REGULATORS 030 33 STABILIZER (466), ANTIOXIDANT 300 ,SWEETENER (960), COLOUR (110), MANGO FLAVOURS NATURE-DENTICAL & ARTIFICIAL FLAVORING SUBSTANCES",10.7,44.0
3948764175091,maaza,Tetra Pak,"beverages, sweetened-beverages","india, united-states",,,,unknown,,,,,
8720157468479,Jus,Maaza,,netherlands,,,,unknown,4.0,,"Water, guavesap uit concentraat 17%, suiker, stabilisator (pectine), voedingszuur (citroenzuur), antioxidant (ascorbinezuur), aroma, kleurend plantenextract (wortel, zwarte bes)",,
3948764092206,Maaza,The Coca-Cola Company,"beverages-and-beverages-preparations, beverages, sweetened-beverages",india,,,,e,1.0,,mango,,
8901764792335,maaza,,,india,,,,unknown,,unknown,gdkgd,,
8720157400561,Mango Fruit Drink,Maaza,"plant-based-foods-and-beverages, beverages, plant-based-beverages, fruit-based-beverages, juices-and-nectars, fruit-juices",netherlands,,,,unknown,4.0,e,"Water, mangopuree 17%, suiker, stabilisator (pectine), voedingszuur (citroenzuur), antioxidant (ascorbinezuur), aroma, kleurstof (bètacaroteen). Fruchtgetränk mit 17% Mangopüree, kurz erhitzt. Zutaten: Wasser, Mangopüree 17%, Zucker, Stabilisator (Pektin), Säuerungsmittel (Zitronensäure), Antioxidans (Askorbinsäure), Aroma, Farbstoff (Beta-Carotin).",10.9,192.0
3968764098305,Maaza,,,,,,,unknown,,unknown,,,
0981214092206,Maaza,,,,,,,unknown,,unknown,,,
4901280092906,Maaza,,,,,,,unknown,,unknown,,,
8720157468912,,Maaza,"beverages-and-beverages-preparations, plant-based-foods-and-beverages, beverages, plant-based-beverages, coconut-waters",netherlands,,,,c,4.0,,"Coconut water from concentrate (99,9%), aroma, antioxidant (ascorbic acid)",4.0,19.0
8720157468066,Mango,Maaza,,france,,,,unknown,,,,,
8720157468998,Guava,Maaza,,united-states,,,,unknown,,,,10.9,46.0
8720157400608,Guava juice,Maaza,"beverages-and-beverages-preparations, plant-based-foods-and-beverages, beverages, plant-based-beverages, fruit-based-beverages",netherlands,,,,unknown,,,,10.8000001907349,50.0
8720157468431,maaza,,"beverages-and-beverages-preparations, beverages",france,,,,e,,,,,
8908003001029,Maaza Gold Tea,,"beverages-and-beverages-preparations, plant-based-foods-and-beverages, beverages, hot-beverages, plant-based-beverages, teas",india,,,,unknown,,a,,,
8720157468493,Mango fruit drînk,"MAZZA, Maaza","beverages-and-beverages-preparations, plant-based-foods-and-beverages, beverages, plant-based-beverages, fruit-based-beverages, juices-and-nectars, fruit-juices",netherlands,,,,unknown,4.0,,"Eau, purée de mangue (17%), jus de citron à base de concentré (1%), sucre, stabilisant : pectine, colorant, : béta-carotène, acidifiant : acide citrique, antioxydant : acide ascorbique, arôme.",,
0860009776579,Lemon Aioli Magic Green Sauce,Maazah,,united-states,,,,unknown,,unknown,,,219.0
8901764175015,Maaza,Coca-Cola,"beverages-and-beverages-preparations, plant-based-foods-and-beverages, beverages, plant-based-beverages, fruit-based-beverages, juices-and-nectars, fruit-juices, sweetened-beverages, mango-juice",india,,,,e,4.0,,"WATER, SUGAR, MANGO PULP (10.7%), ACIDITY REGULATORS (300,331(iii)), STABILIZER(466), ANTIOXIDANT (300), COLOUR (110), MANGO FLAVOURS (NATURE-IDENTICAL & ARTIFICIAL FLAVOURING SUBSTANCES).",,
0187104092206,maaza 600ml,,,united-kingdom,,,,unknown,,,,,
8901764092282,Maaza,Coca-Cola,"beverages-and-beverages-preparations, beverages, sweetened-beverages",india,,,,unknown,4.0,,"INGREDIENTS WATER, MANGO PULP (16.9%) SUGAR, ACIDITY REGULATORS (330, 331(iii)). ANTIOXIDANT (300), PRESERVATIVE (202). COLOUR (110) AND ADDED MANGO FLAVOURS (NATURAL, NATURE-IDENTICAL AND ARTIFICIAL FLAVOURING SUBSTANCES).",,
8720157468455,"Tropical con le Fruit drink Go on, you deser",Maaza,,netherlands,,,,unknown,4.0,,"maaza Did you know Maaza means 'enjoy' in Hindi?! S FSC FSO C020428 8999 E ditenag Multi fruit drink from concentrate, fruit content: at least 25%. Briefly heated. Ingredients: Water, fruit juice from concentrate (apple 1%, banana 10%, pineapple 20%, lemon, peach 0.5%) sugar, stabilizer (pectin) actiferica Latina ascorbic acid), flavouring colorant (betacarotene)-Boisson aux multifruits à base de concentré, teneur enfruits: au moins 25% Chauffée brièvement ingrédients:faujus defritsate de concentrépone 15,baranekara che 5%) sucre, stabilisant (pectine), acidificiant (acidecitrique), antioxydant (acide ascorbique), arome, colorant (beta carotene)-Multifruitdrink uit concentraat, vruchtgehalte",,
8720157400585,Tropical Fruit Drink,Maaza,,netherlands,,,,unknown,,,,11.4,49.0
8720157403074,Guava Fruit Drink,Maaza,guava-juice-from-concentrate,netherlands,,,,a,4.0,,"Water, guava juice from concentrate (17%), banana puree, stabiliser (pectin), acidity regulator (citric acid), antioxidant (ascorbic acid), flavouring, natural colourants (carrot, blackcurrant), sweeteners (sucralose, acesulfame K).",1.3,7.0
8720157401346,Aloe Vera Original Fruit Drink,Maaza,"beverages-and-beverages-preparations, plant-based-foods-and-beverages, beverages, plant-based-beverages, fruit-based-beverages, aloe-vera-drinks",netherlands,,,,e,4.0,,"Water, aloë vera sap en gel gedeeltelijk uit concentraat 30%, witte druivensap uit concentraat, suiker, stabilisator (gellangom), voedingszuur (citroenzuur), antioxidant (ascorbinezuur), natuurlijk aroma, zuurteregelaar (calciumlactaat, trinatriumcitraat).",9.4,39.0
0860009776500,Magic Lentil Dip,Maazah,,united-states,,,,unknown,,,,0.0,214.0
0867051000492,Roasted Red Pepper Lentil Dip,Maazah,,united-states,,,,unknown,,,,0.0,214.0
0867051000485,Turmeric Ginger Lentil Dip,Maazah Lentil Dip,,united-states,,,,unknown,,,,0.0,214.0
8720157400981,Passion Fruit Drink,Maaza,,netherlands,,,,unknown,4.0,,"Water, passievruchtsap uit concentraat 14%, suiker, verdikkingsmiddel (cellulosegom), aroma, kleurstof (bètacaroteen)",,
0860009776562,Chili Aioli,Maazah,,united-states,,,,unknown,,,,,
0860009776593,Turmeric Ginger Lentil Dip,Maazah,,united-states,,,,unknown,,,,0.0,214.0
8720157400882,mangosap,maaza,,netherlands,,,,unknown,,,,,
1001560092800,maazaaa,,,india,,,,unknown,,,,,
3948764175015,Maaza 125 ml,Maaza,,united-kingdom,,,,unknown,,,,,
0860014125362,Roasted Red Pepper Lentil Dip,Maazah,,united-states,,,,unknown,,,,,
0860014121333,Roasted Red Pepper Lentil Dip,Maazah,,united-states,,,,unknown,,,,,
8901764421273,Maaza can,"Coca-Cola Company, Maaza","beverages-and-beverages-preparations, plant-based-foods-and-beverages, beverages, sweetened-beverages, Ready to serve fruit drink",india,,,,e,4.0,,"WATER, MANGO PULP (19.5%), SUGAR. ACIDITY REGULATORS (330, 331(iii)), ANTIOXIDANT (300), PRESERVATIVE (202) COLOUR (110), MANGO FLAVOURS (NATURAL, NATURE-IDENTICAL & ARTIFICIAL FLAVORING SUBSTANCES).",,
8720157400905,Tropical Fruit Drink,Maaza,,denmark,,,,unknown,,,,,
8720157468752,Mango fruity ice stick,Maaza,"desserts, frozen-foods, frozen-desserts, ice-pops",netherlands,,,,c,4.0,,"Water, suiker, mangopuree 16%, voedingszuur (citroenzuur), aroma, kleurstof (bètacaroteen), antioxidant (ascorbinezuur), plantaardige voedingsvezel.",,
00030480,Maaza Banana juice drink,Maaza,,netherlands,,,,unknown,,,,,
00107913,Maaza Kokoswater,Maaza,,netherlands,,,,unknown,,,,,
00083670,Maaza Mango drink,Maaza,,netherlands,,,,unknown,,,,,
00082606,Maaza Passion fruit drink,Maaza,,netherlands,,,,unknown,,,,,
00094257,Maaza Sparkling guava,Maaza,,netherlands,,,,unknown,,,,,
00094258,Maaza Sparkling mango,Maaza,,netherlands,,,,unknown,,,,,
00083669,Maaza Tropical drink,Maaza,,netherlands,,,,unknown,,,,,
06605360,Maaza banaan,Maaza,,netherlands,,,,unknown,,,,,
06611112,Maaza banaan 350ml,Maaza,,netherlands,,,,unknown,,,,,
06611561,Maaza Banana,Maaza,,netherlands,,,,unknown,,,,,
06612789,Maaza fruitijs mango,Maaza,,netherlands,,,,unknown,,,,,
06611560,Maaza Guava,Maaza,,netherlands,,,,unknown,,,,,
06611114,Maaza guava 350ml,Maaza,,netherlands,,,,unknown,,,,,
06614893,Maaza Guava GST,Maaza,,netherlands,,,,unknown,,,,,
06605805,Maaza guave,Maaza,,netherlands,,,,unknown,,,,,
06611111,Maaza kokosnootwater,Maaza,,netherlands,,,,unknown,,,,,
06605361,Maaza mango,Maaza,,netherlands,,,,unknown,,,,,
06611559,Maaza Mango,Maaza,,netherlands,,,,unknown,,,,,
06611113,Maaza mango 350ml,Maaza,,netherlands,,,,unknown,,,,,
06614892,Maaza Mango GST,Maaza,,netherlands,,,,unknown,,,,,
06605358,Maaza tropical,Maaza,,netherlands,,,,unknown,,,,,
06611558,Maaza Tropical,Maaza,,netherlands,,,,unknown,,,,,
06611115,Maaza tropical 350ml,Maaza,,netherlands,,,,unknown,,,,,
